{"ATX": [621150.0274805943, 3349889.999564846], "DTW": [320669.93464632105, 4685369.998813102], "MIA": [580560.0087868234, 2850959.9998887307], "PAO": [576480.0005919499, 4141379.935333304], "PIT": [583710.0070315006, 4477259.999832617], "WDC": [323459.99969330523, 4306469.987038729]}